,Year,County,Average NY AGI,Crime Total,Violent Crime Total,Deaths,Crude Rate,Adjusted Rate,Suicide Deaths,Population,Percentage Deaths by Suicide,"Suicide Rate Per 100,000",Population Total,Population Black Non Hispanic,Population Hispanic,Population Other Non Hispanic,Population White Non Hispanic,Population Male,Population Female
0,2011,Bronx,29942,35130,12267,8906,639.8,699.8,86,1392002,0.009700,6.2,1392002,426362,748438,58360,158842,655357,736645
1,2011,Kings,44640,59014,18182,15824,624.8,630.5,118,2532645,0.007500,4.7,2532645,822327,506553,287132,916633,1197281,1335364
2,2011,Queens,40108,39863,10311,13682,608.7,546,138,2247848,0.010100,6.1,2247848,421731,625016,566153,634948,1090105,1157743
3,2011,Richmond,55928,6801,1428,3198,679.8,624.6,23,470467,0.007200,4.9,470467,47255,82617,38023,302572,228021,242446
4,2011,Albany,54574,10725,1163,2697,888.4,711.5,27,303565,0.010000,8.9,303565,38977,15691,16665,232232,146872,156693
5,2011,Allegany,36479,895,64,485,994.3,788.1,5,48778,0.010300,10.3,48778,715,703,663,46697,24621,24157
6,2011,Broome,41132,6643,521,2108,1059,738,37,199031,0.017600,18.6,199031,10363,6971,8038,173659,97514,101517
7,2011,Cattaraugus,35669,1925,162,800,1002,781.1,11,79832,0.013800,13.8,79832,1420,1427,3202,73783,39422,40410
8,2011,Cayuga,40591,1717,182,739,926.8,699,10,79738,0.013500,12.5,79738,3606,2006,838,73288,40679,39059
9,2011,Chautauqua,35757,3687,303,1491,1110,777.3,13,134368,0.008700,9.7,134368,3567,8463,1547,120791,66298,68070
10,2011,Chemung,43218,2278,177,937,1055,774.6,12,88840,0.012800,13.5,88840,6532,2399,1531,78378,44216,44624
11,2011,Chenango,35401,1072,57,500,997.6,721.7,3,50118,0.006000,6,50118,565,940,448,48165,24969,25149
12,2011,Clinton,40272,1690,74,686,837.1,756.2,5,81945,0.007300,6.1,81945,3313,2125,1368,75139,42062,39883
13,2011,Columbia,46936,1234,96,667,1066,711.9,7,62550,0.010500,11.2,62550,3184,2531,1284,55551,31427,31123
14,2011,Cortland,39263,1104,74,429,869.1,768,4,49363,0.009300,8.1,49363,1041,1199,687,46436,24117,25246
15,2011,Delaware,35699,813,76,515,1083,698.8,7,47559,0.013600,14.7,47559,932,1601,568,44458,23906,23653
16,2011,Dutchess,60326,5677,625,2352,789.3,669.8,25,297999,0.010600,8.4,297999,29830,32136,12126,223907,148332,149667
17,2011,Erie,48310,31411,4201,9576,1043,767.2,108,918028,0.011300,11.8,918028,124894,43364,31660,718110,443070,474958
18,2011,Essex,38495,617,47,329,839.7,572.6,10,39181,0.030400,25.5,39181,1132,1036,433,36580,20323,18858
19,2011,Franklin,35251,973,61,497,964.1,847.8,6,51551,0.012100,11.6,51551,3082,1572,4133,42764,28315,23236
20,2011,Fulton,36438,1605,61,614,1113,792.2,5,55180,0.008100,9.1,55180,1215,1334,510,52121,27245,27935
21,2011,Genesee,45014,1439,112,608,1013,756.9,8,59993,0.013200,13.3,59993,1894,1713,1180,55206,29811,30182
22,2011,Greene,45519,830,105,508,1038,763.8,3,48954,0.005900,6.1,48954,2964,2483,652,42855,25547,23407
23,2011,Hamilton,35881,58,1,56,1168,705.5,0,4793,0.000000,0,4793,57,58,39,4639,2417,2376
24,2011,Herkimer,35824,1362,141,632,985,685.9,7,64160,0.011100,10.9,64160,885,1094,571,61610,31485,32675
25,2011,Jefferson,38279,2481,182,893,757.4,780.9,16,117910,0.017900,13.6,117910,7089,7199,2849,100773,60338,57572
26,2011,Lewis,37548,419,33,233,860.7,684,0,27072,0.000000,0,27072,280,377,159,26256,13672,13400
27,2011,Livingston,42379,1074,44,547,840.6,694.4,11,65070,0.020100,16.9,65070,1812,1913,1145,60200,32635,32435
28,2011,Madison,45528,1282,53,580,790.6,680.8,14,73365,0.024100,19.1,73365,1606,1462,1225,69072,35965,37400
29,2011,Monroe,49661,25666,2661,6516,873.9,696.2,80,745625,0.012300,10.7,745625,113018,55805,28402,548400,359892,385733
30,2011,Montgomery,37227,1084,59,559,1120,731.1,8,49916,0.014300,16,49916,982,5843,548,42543,24380,25536
31,2011,Nassau,87297,19374,2226,10688,795,575.2,90,1344436,0.008400,6.7,1344436,150648,202022,113447,878319,650968,693468
32,2011,Niagara,41317,7234,811,2300,1065,770.7,33,216011,0.014300,15.3,216011,15898,5042,4822,190249,104907,111104
33,2011,Oneida,40250,5938,550,2450,1046,720,18,234287,0.007300,7.7,234287,15067,11248,7802,200170,116678,117609
34,2011,Onondaga,49977,12862,1656,4101,878.2,697.6,46,466960,0.011200,9.9,466960,53390,19860,19620,374090,225293,241667
35,2011,Ontario,51107,2103,150,1060,976.7,729.2,18,108525,0.017000,16.6,108525,2789,3981,1691,100064,53072,55453
36,2011,Orange,57564,9008,1016,2527,674.1,689.8,34,374872,0.013500,9.1,374872,37553,69166,11242,256911,187568,187304
37,2011,Orleans,36477,1003,81,387,908,745.3,8,42622,0.020700,18.8,42622,2668,1814,491,37649,21112,21510
38,2011,Oswego,40161,3216,181,1006,823.1,764.5,24,122228,0.023900,19.6,122228,1336,2718,1455,116719,60953,61275
39,2011,Otsego,39599,1146,119,568,917.4,655,6,61917,0.010600,9.7,61917,1316,1994,925,57682,29928,31989
40,2011,Putnam,74342,860,66,619,619.4,576.9,9,99933,0.014500,9,99933,2512,12002,2389,83030,49778,50155
41,2011,Rensselaer,46033,4687,485,1476,926,774.3,18,159395,0.012200,11.3,159395,10943,6499,4374,137579,78603,80792
42,2013,Broome,43296,6706,512,2096,1061,735.6,22,197534,0.010500,11.1,197534,10934,7468,8457,170675,96856,100678
43,2011,Rockland,67901,4567,554,1939,615.2,538.5,18,315158,0.009300,5.7,315158,37108,50686,21502,205862,154686,160472
44,2011,Saratoga,62999,3075,132,1628,737,629.8,25,220882,0.015400,11.3,220882,4137,5742,5138,205865,108640,112242
45,2011,Schenectady,47025,5528,687,1460,941.6,681.5,24,155058,0.016400,15.5,155058,16343,9285,7319,122111,74990,80068
46,2011,Schoharie,38874,433,15,249,764.3,612.1,6,32578,0.024100,18.4,32578,578,946,316,30738,16317,16261
47,2011,Schuyler,37637,172,18,204,1111,789.5,2,18361,0.009800,10.9,18361,252,280,123,17706,9153,9208
48,2011,Seneca,38312,681,63,299,849.5,643.7,4,35198,0.013400,11.4,35198,1755,1045,393,32005,18433,16765
49,2011,Steuben,42062,1687,138,942,951.2,718.5,11,99033,0.011700,11.1,99033,1922,1516,1604,93991,49104,49929
50,2011,Suffolk,71267,31406,2217,11342,756.7,650.1,136,1498816,0.012000,9.1,1498816,110493,255486,59823,1073014,737390,761426
51,2011,Sullivan,41829,1940,201,693,901.2,767.8,11,76900,0.015900,14.3,76900,6933,10679,1540,57748,39331,37569
52,2011,Tioga,43433,591,34,428,838.5,653.6,3,51043,0.007000,5.9,51043,557,772,549,49165,25309,25734
53,2011,Tompkins,52625,2389,90,627,616.4,625.3,13,101723,0.020700,12.8,101723,4593,4664,10589,81877,50193,51530
54,2011,Ulster,48145,3772,335,1612,883.5,692.2,24,182448,0.014900,13.2,182448,11572,16372,4108,150396,90746,91702
55,2011,Warren,44825,1494,107,622,944.8,656.4,8,65831,0.012900,12.2,65831,907,1279,685,62960,32140,33691
56,2011,Washington,36751,866,96,605,957.8,742.9,13,63165,0.021500,20.6,63165,2003,1503,502,59157,32711,30454
57,2011,Wayne,41482,1708,141,830,888.3,720.9,7,93436,0.008400,7.5,93436,3275,3669,947,85545,46331,47105
58,2011,Westchester,121309,16282,2557,6971,729.3,556.6,59,955899,0.008500,6.2,955899,134040,214087,58268,549504,460662,495237
59,2011,Wyoming,39228,528,37,353,841.6,727.7,6,41944,0.017000,14.3,41944,2420,1287,327,37910,22867,19077
60,2011,Yates,39115,410,13,242,950.7,712.3,4,25454,0.016500,15.7,25454,313,479,160,24502,12348,13106
61,2010,Bronx,30569,34008,12070,8777,633.7,703.9,56,1385108,0.006400,4,1385108,430532,741413,57594,155569,649633,735475
62,2010,Kings,42685,57172,16514,15505,619,627.8,118,2504700,0.007600,4.7,2504700,820307,496285,277873,910235,1181378,1323322
63,2010,Queens,39675,38808,9725,13657,612.2,557.1,152,2230722,0.011100,6.8,2230722,420448,613750,560063,636461,1079803,1150919
64,2010,Richmond,55264,6819,1351,3288,701.5,658.3,27,468730,0.008200,5.8,468730,46455,81051,37292,303932,227289,241441
65,2010,Albany,53046,11036,1182,2570,844.8,679.3,24,304204,0.009300,7.9,304204,38959,14917,15924,234404,147076,157128
66,2010,Allegany,36333,841,89,417,852,691.3,2,48946,0.004800,4.1,48946,612,670,606,47058,24696,24250
67,2010,Broome,41612,6207,499,2024,1009,713.5,18,200600,0.008900,9,200600,10336,6778,7917,175569,98373,102227
68,2010,Cattaraugus,35745,2018,181,870,1083,847.2,6,80317,0.006900,7.5,80317,1326,1345,3163,74483,39729,40588
69,2010,Cayuga,39872,1765,158,731,913.5,679.8,12,80026,0.016400,15,80026,3515,1896,747,73868,40833,39193
70,2010,Chautauqua,35204,3865,312,1440,1067,762.3,19,134905,0.013200,14.1,134905,3488,8241,1450,121726,66509,68396
71,2010,Chemung,42226,2080,203,926,1042,771.8,6,88830,0.006500,6.8,88830,6419,2240,1388,78783,44171,44659
72,2010,Chenango,35330,983,54,552,1094,822.1,8,50477,0.014500,15.8,50477,457,929,398,48693,25136,25341
73,2010,Clinton,41606,1830,87,652,793.9,726.7,7,82128,0.010700,8.5,82128,3267,2054,1290,75517,42097,40031
74,2010,Columbia,45933,1213,94,690,1094,733.5,7,63096,0.010100,11.1,63096,3131,2454,1186,56325,31761,31335
75,2010,Cortland,39597,1066,65,426,863.5,771.1,9,49336,0.021100,18.2,49336,917,1094,608,46717,24093,25243
76,2010,Delaware,34875,765,62,529,1103,736.6,10,47980,0.018900,20.8,47980,845,1560,506,45069,24096,23884
77,2010,Dutchess,60456,5937,724,2215,744.6,650.6,38,297488,0.017200,12.8,297488,29593,31267,11647,224981,148112,149376
78,2010,Erie,47214,32568,4528,9283,1010,751.3,103,919040,0.011100,11.2,919040,124462,41731,31110,721737,442971,476069
79,2010,Essex,38072,523,37,379,962.7,658.8,5,39370,0.013200,12.7,39370,1070,993,403,36904,20391,18979
80,2010,Franklin,37458,943,57,409,792.7,723.7,8,51599,0.019600,15.5,51599,2970,1506,4165,42958,28336,23263
81,2010,Fulton,36253,1689,123,561,1010,737.3,7,55531,0.012500,12.6,55531,1205,1263,466,52597,27465,28066
82,2010,Genesee,39550,1462,107,599,997,745.2,12,60079,0.020000,20,60079,1801,1616,1114,55548,29756,30323
83,2010,Greene,40551,836,92,524,1065,806,7,49221,0.013400,14.2,49221,2922,2419,578,43302,25680,23541
84,2010,Hamilton,34200,52,4,53,1096,678.7,0,4836,0.000000,0,4836,36,51,39,4710,2446,2390
85,2010,Herkimer,35866,1374,169,612,948.6,674.4,11,64519,0.018000,17,64519,847,1040,499,62133,31579,32940
86,2010,Jefferson,39956,2434,220,907,780.4,814.4,15,116229,0.016500,12.9,116229,6325,6143,2593,101168,59185,57044
87,2010,Lewis,36471,462,25,251,926.6,748.3,6,27087,0.023900,22.2,27087,212,357,139,26379,13620,13467
88,2010,Livingston,41740,1157,47,540,825.8,692.9,3,65393,0.005600,4.6,65393,1672,1802,1072,60847,32816,32577
89,2010,Madison,45453,1294,53,604,822.4,724,7,73442,0.011600,9.5,73442,1469,1316,1149,69508,36064,37378
90,2010,Monroe,48476,26186,2823,6247,839.3,680.3,63,744344,0.010100,8.5,744344,112728,54005,27808,549803,359108,385236
91,2010,Montgomery,36967,1163,72,569,1133,744,6,50219,0.010500,11.9,50219,934,5654,488,43143,24447,25772
92,2010,Nassau,86178,20320,2344,10598,791.2,580.3,87,1339532,0.008200,6.5,1339532,147414,195355,109840,886923,647978,691554
93,2010,Niagara,39444,7209,835,2250,1039,771.9,24,216469,0.010700,11.1,216469,15922,4694,4592,191261,105008,111461
94,2010,Oneida,40008,6238,587,2450,1043,733.8,21,234878,0.008600,8.9,234878,15082,10819,7503,201474,117032,117846
95,2010,Onondaga,49058,13005,1608,4018,860.3,691,35,467026,0.008700,7.5,467026,53273,18829,19282,375642,224861,242165
96,2010,Ontario,50161,1995,128,985,912.6,692.4,11,107931,0.011200,10.2,107931,2642,3679,1566,100044,52742,55189
97,2010,Orange,56339,9080,996,2457,659,684,23,372813,0.009400,6.2,372813,36779,67185,10720,258129,186289,186524
98,2010,Orleans,35487,1063,79,386,900.1,755.2,3,42883,0.007800,7,42883,2607,1757,442,38077,21233,21650
99,2010,Oswego,39714,3288,189,1029,842.7,793.1,11,122109,0.010700,9,122109,1164,2552,1365,117028,60859,61250
100,2010,Otsego,38810,1145,126,616,989.4,732.6,6,62259,0.009700,9.6,62259,1192,1921,866,58280,30115,32144
101,2010,Putnam,73634,934,69,629,630.8,613.6,9,99710,0.014300,9,99710,2294,11661,2218,83537,49789,49921
102,2010,Rensselaer,46946,4853,546,1465,918.9,784,12,159429,0.008200,7.5,159429,10774,6080,4114,138461,78709,80720
103,2010,Rockland,68851,4766,460,1956,627.6,558.7,19,311687,0.009700,6.1,311687,36301,48783,20875,205728,152879,158808
104,2010,Saratoga,58752,3236,151,1574,716.7,626.7,24,219607,0.015200,10.9,219607,3798,5279,4718,205812,108059,111548
105,2010,Schenectady,47213,6021,748,1462,944.9,687.6,11,154727,0.007500,7.1,154727,16160,8827,6974,122766,74856,79871
106,2010,Schoharie,37623,467,17,267,815.3,627.7,2,32749,0.007500,6.1,32749,498,924,303,31024,16375,16374
107,2010,Schuyler,36672,198,11,226,1232,906.9,2,18343,0.008800,10.9,18343,198,234,107,17804,9122,9221
108,2010,Seneca,38050,660,52,336,953.2,733.4,1,35251,0.003000,2.8,35251,1662,952,360,32277,18454,16797
109,2010,Steuben,42326,1837,164,986,996.1,762.6,15,98990,0.015200,15.2,98990,1862,1371,1479,94278,49126,49864
110,2010,Suffolk,69331,32638,2377,11135,745.6,656.4,132,1493350,0.011900,8.8,1493350,109090,246239,58047,1079974,734668,758682
111,2010,Sullivan,41794,1708,219,710,915.6,785.3,13,77547,0.018300,16.8,77547,6955,10554,1433,58605,39614,37933
112,2010,Tioga,43258,600,36,402,786.3,614.9,7,51125,0.017400,13.7,51125,473,694,496,49462,25345,25780
113,2010,Tompkins,51761,2505,120,668,657.7,676,8,101564,0.012000,7.9,101564,4593,4264,9458,83249,50031,51533
114,2010,Ulster,47546,3839,408,1513,829.1,665.5,22,182493,0.014500,12.1,182493,11422,15909,3938,151224,90809,91684
115,2010,Warren,43346,1297,99,625,951.2,685.5,11,65707,0.017600,16.7,65707,740,1178,629,63160,32082,33625
116,2010,Washington,36698,884,93,599,947.5,750.2,11,63216,0.018400,17.4,63216,1907,1446,409,59454,32758,30458
117,2010,Wayne,40882,1970,169,808,861.7,738.9,11,93772,0.013600,11.7,93772,3205,3476,850,86241,46520,47252
118,2010,Westchester,118990,15392,2457,6706,706.6,547.6,76,949113,0.011300,8,949113,132223,207032,56547,553311,456661,492452
119,2010,Wyoming,38478,476,33,383,908.6,794.9,13,42155,0.033900,30.8,42155,2354,1244,279,38278,22953,19202
120,2010,Yates,36228,474,18,229,903.4,678.3,3,25348,0.013100,11.8,25348,272,421,139,24516,12278,13070
121,2013,Cattaraugus,37922,1764,115,781,990,754.6,12,78892,0.015400,15.2,78892,1477,1520,3270,72625,39027,39865
122,2009,Delaware,34423,754,69,534,1173.3,752.2,1,45514,0.001900,2.2,45514,850,1367,536,42761,22548,22966
123,2009,Bronx,30904,33755,11242,9072,649.3,715.3,86,1397287,0.009500,6.2,1397287,440400,726265,55828,174794,656983,740304
124,2009,Kings,41324,55816,15803,15412,600.4,601.7,125,2567098,0.008100,4.9,2567098,850276,502546,254822,959454,1215532,1351566
125,2009,Queens,39219,38925,9299,13836,599.8,538.6,122,2306712,0.008800,5.3,2306712,433288,620205,533993,719226,1122781,1183931
126,2009,Richmond,54890,6962,1303,3386,688.6,648.7,27,491730,0.008000,5.5,491730,48174,78347,38380,326829,240090,251640
127,2009,Albany,51347,10613,1289,2580,864.9,717.6,15,298284,0.005800,5,298284,36566,12456,13317,235945,143696,154588
128,2009,Allegany,35634,776,129,441,897.1,755.9,6,49157,0.013600,12.2,49157,716,635,681,47125,24825,24332
129,2009,Broome,40910,6171,458,2089,1073.3,754,16,194630,0.007700,8.2,194630,9353,5326,7142,172809,94373,100257
130,2009,Cattaraugus,35108,1855,184,805,1010.2,780.3,14,79689,0.017400,17.6,79689,1338,1021,3002,74328,39211,40478
131,2009,Cayuga,38724,1660,186,688,865.1,667.2,8,79526,0.011600,10.1,79526,3413,1882,763,73468,40395,39131
132,2009,Chautauqua,34692,3597,256,1336,1000.7,730.5,13,133503,0.009700,9.7,133503,3512,6982,1460,121549,65457,68046
133,2009,Chemung,40686,2126,161,941,1065.3,799.8,10,88331,0.010600,11.3,88331,5904,2055,1241,79131,43960,44371
134,2009,Chenango,34043,997,53,522,1031.2,762.9,4,50620,0.007700,7.9,50620,678,834,384,48724,25120,25500
135,2009,Clinton,40976,1698,133,646,791.5,722.1,10,81618,0.015500,12.3,81618,2939,2289,1011,75379,41730,39888
136,2009,Columbia,44630,1180,113,608,986.7,695.5,8,61618,0.013200,13,61618,3128,2080,1095,55315,30858,30760
137,2009,Cortland,39031,1084,106,405,843.8,773.8,7,47996,0.017300,14.6,47996,930,901,483,45682,23213,24783
138,2009,Dutchess,58591,6095,909,2270,773.3,689.6,28,293562,0.012300,9.5,293562,29560,27924,10907,225171,147665,145897
139,2009,Erie,45631,32656,4915,9360,1029.4,771.1,81,909247,0.008700,8.9,909247,122144,36186,24433,726484,438252,470995
140,2009,Essex,37114,520,49,389,1032.2,733.4,2,37686,0.005100,5.3,37686,1093,895,377,35321,19610,18076
141,2009,Franklin,35152,937,65,456,907,787.7,6,50274,0.013200,11.9,50274,3164,2095,3677,41338,27605,22669
142,2009,Fulton,35385,1522,112,562,1020.8,748.3,0,55053,0.000000,0,55053,1193,1390,604,51866,27266,27787
143,2009,Genesee,38471,1497,92,609,1052.4,771.9,8,57868,0.013100,13.8,57868,1591,1313,943,54021,28700,29168
144,2009,Greene,40949,851,102,503,1027.6,800.9,6,48947,0.011900,12.3,48947,3009,2620,508,42810,25367,23580
145,2009,Hamilton,33525,51,2,70,1421.9,1033.9,0,4923,0.000000,0,4923,44,69,27,4783,2442,2481
146,2009,Herkimer,35540,1369,168,637,1023.5,737.3,4,62236,0.006300,6.4,62236,795,966,607,59868,30442,31794
147,2009,Jefferson,38362,2701,224,906,763.1,759.7,17,118719,0.018800,14.3,118719,6747,5755,2333,103884,60573,58146
148,2009,Lewis,35884,387,23,253,967.2,790.2,4,26157,0.015800,15.3,26157,266,300,166,25425,13084,13073
149,2009,Livingston,41133,998,69,491,781,704.1,6,62871,0.012200,9.5,62871,1906,1725,901,58339,31485,31386
150,2009,Madison,44309,1320,59,542,774.8,703,4,69954,0.007400,5.7,69954,1302,1048,989,66615,34568,35386
151,2009,Monroe,46932,25856,2598,6169,840.8,685.3,67,733703,0.010900,9.1,733703,106315,45382,24025,557981,356253,377450
152,2009,Montgomery,36241,726,131,581,1195.1,786.1,4,48616,0.006900,8.2,48616,934,4645,471,42566,23571,25045
153,2009,Nassau,81865,21828,2496,10424,767.9,573.5,68,1357429,0.006500,5,1357429,149062,175245,102693,930429,661828,695601
154,2009,Niagara,39336,7173,847,2285,1065,819.5,20,214557,0.008800,9.3,214557,15156,4034,4715,190652,104188,110369
155,2009,Oneida,38985,6565,644,2411,1043.5,744,23,231044,0.009500,10,231044,14706,9723,4302,202313,115524,115520
156,2009,Onondaga,48266,13397,1675,3916,861.1,702.4,47,454753,0.012000,10.3,454753,48414,14268,16771,375300,219263,235490
157,2009,Ontario,47584,1870,139,949,898.2,710.3,14,105650,0.014800,13.3,105650,2677,3457,1535,97981,52030,53620
158,2009,Orange,56077,8766,942,2450,638.8,692.5,36,383532,0.014700,9.4,383532,39605,65156,11015,267756,193693,189839
159,2009,Orleans,34714,1266,71,408,970.3,813.8,5,42051,0.012300,11.9,42051,3040,1860,407,36744,20978,21073
160,2009,Oswego,38570,2789,176,988,814,792.7,15,121377,0.015200,12.4,121377,1359,2077,1363,116578,60149,61228
161,2009,Otsego,38252,1201,140,597,969.1,744.5,6,61602,0.010100,9.7,61602,1433,1488,820,57861,29675,31927
162,2009,Putnam,71539,963,85,636,640.7,642.1,5,99265,0.007900,5,99265,2830,10990,2362,83083,50143,49122
163,2009,Rensselaer,45952,4809,513,1486,955.4,819.4,19,155541,0.012800,12.2,155541,9488,4733,4021,137299,76828,78713
164,2009,Rockland,67659,4988,473,2012,670.3,593.1,14,300173,0.007000,4.7,300173,32649,41434,20033,206057,148619,151554
165,2009,Saratoga,56996,2923,173,1677,762,692.2,23,220069,0.013700,10.5,220069,4203,4866,4544,206456,108898,111171
166,2009,Schenectady,46132,5830,652,1495,982.5,703.6,17,152169,0.011400,11.2,152169,14535,7317,6886,123431,74231,77938
167,2009,Schoharie,37596,572,27,277,878.6,695.5,2,31529,0.007200,6.3,31529,504,720,289,30016,15734,15795
168,2009,Schuyler,36078,174,18,168,897.4,667.8,3,18720,0.017900,16,18720,400,289,154,17877,9445,9275
169,2009,Seneca,36627,651,48,318,933.9,736.7,7,34049,0.022000,20.6,34049,1680,1050,449,30870,17652,16397
170,2009,Steuben,39407,1401,134,947,980.8,770.1,14,96552,0.014800,14.5,96552,1833,1191,1482,92046,47590,48962
171,2009,Suffolk,67405,32604,2740,11155,734.6,654,102,1518475,0.009100,6.7,1518475,111978,212450,58527,1135520,750236,768239
172,2009,Sullivan,41130,1544,186,721,950.8,827.3,8,75828,0.011100,10.6,75828,6857,9389,1521,58061,38596,37232
173,2009,Tioga,42334,555,30,394,787,644.1,0,50064,0.000000,0,50064,600,748,494,48222,24850,25214
174,2009,Tompkins,50973,2558,153,599,588.5,620.6,15,101779,0.025000,14.7,101779,4292,4069,10180,83238,50820,50959
175,2009,Ulster,46326,3898,445,1515,835,684.4,26,181440,0.017200,14.3,181440,11448,13892,3748,152352,90489,90951
176,2009,Warren,42298,1444,77,596,902.7,638.8,7,66021,0.011700,10.6,66021,749,1147,710,63415,32307,33714
177,2009,Washington,35826,769,60,610,972.1,781,9,62753,0.014800,14.3,62753,2082,1519,421,58731,32423,30330
178,2009,Wayne,39900,1774,140,780,854.4,740,12,91291,0.015400,13.1,91291,3248,2985,898,84160,45343,45948
179,2009,Westchester,108405,16636,2482,6664,697.1,560.8,61,955962,0.009200,6.4,955962,130638,189126,60673,575525,463834,492128
180,2009,Wyoming,37135,500,47,329,794.7,701.9,7,41398,0.021300,16.9,41398,2406,1390,319,37283,22551,18847
181,2009,Yates,34071,350,11,248,1013,787.2,4,24482,0.016100,16.3,24482,245,382,132,23723,11954,12528
182,2008,Bronx,30631,35284,11345,9074,651.9,710.7,69,1391903,0.007600,5,1391903,437507,719596,55428,179372,652033,739870
183,2008,Kings,43090,59547,16895,16173,632.6,604.4,139,2556598,0.008600,5.4,2556598,855940,504051,247645,948962,1208456,1348142
184,2008,Queens,41213,41349,9689,14071,613.6,533.2,113,2293007,0.008000,4.9,2293007,434047,612873,525253,720834,1115013,1177994
185,2008,Richmond,56582,7508,1325,3508,719.7,699.7,24,487407,0.006800,4.9,487407,47513,76181,38048,325665,237417,249990
186,2008,Albany,52037,10750,1356,2690,902.3,744.2,30,298130,0.011200,10.1,298130,35925,11999,13004,237202,143577,154553
187,2008,Allegany,36766,651,91,437,880.2,718.8,9,49649,0.020600,18.1,49649,580,613,680,47776,24954,24695
188,2008,Broome,42317,6863,555,2004,1028,728.2,17,195018,0.008500,8.7,195018,9119,5221,7398,173280,94510,100508
189,2008,Cattaraugus,35840,1930,215,780,978.8,773.1,6,79688,0.007700,7.5,79688,1206,995,3053,74434,39137,40551
190,2008,Cayuga,39267,1853,147,740,927.1,708.7,7,79823,0.009500,8.8,79823,3372,1847,744,73860,40391,39432
191,2008,Chautauqua,36037,3734,320,1419,1061,779.8,10,133789,0.007000,7.5,133789,3479,6916,1431,121963,65783,68006
192,2008,Chemung,41955,2337,204,996,1134,851.6,15,87813,0.015100,17.1,87813,5849,1938,1288,78738,43653,44160
193,2008,Chenango,34989,934,41,527,1035,785.2,5,50898,0.009500,9.8,50898,606,782,385,49125,25121,25777
194,2008,Clinton,39728,1819,142,638,778.6,709.8,12,81947,0.018800,14.6,81947,2926,2205,1072,75744,41834,40113
195,2008,Columbia,48720,1336,137,629,1014,718.6,15,62006,0.023800,24.2,62006,3128,2059,1135,55684,30951,31055
196,2008,Cortland,38952,1106,112,434,898.5,806.3,5,48302,0.011500,10.4,48302,848,821,521,46112,23267,25035
197,2008,Delaware,37270,738,74,523,1135,739.4,4,46085,0.007600,8.7,46085,805,1347,562,43371,22669,23416
198,2008,Dutchess,61657,6537,892,2129,726.9,670,28,292878,0.013200,9.6,292878,29314,26732,10683,226149,146841,146037
199,2008,Erie,46294,33375,4735,9431,1037,779.4,80,909845,0.008500,8.8,909845,122443,35305,24407,727690,438365,471480
200,2008,Essex,38647,467,51,415,1097,780.7,1,37826,0.002400,2.6,37826,1062,884,411,35469,19627,18199
201,2008,Franklin,35190,1003,95,453,896.7,774.7,5,50521,0.011000,9.9,50521,3204,2114,3649,41554,27748,22773
202,2008,Fulton,36526,1487,99,567,1030,754.6,11,55024,0.019400,20,55024,1186,1286,643,51909,27130,27894
203,2008,Genesee,39979,1446,113,653,1129,843.5,6,57821,0.009200,10.4,57821,1612,1283,934,53992,28730,29091
204,2008,Greene,41780,1418,102,517,1055,810,4,48992,0.007700,8.2,48992,2996,2515,549,42932,25330,23662
205,2008,Hamilton,36808,41,5,62,1235,755.3,1,5021,0.016100,19.9,5021,41,68,25,4887,2492,2529
206,2008,Herkimer,35627,1285,201,648,1042,743.5,5,62200,0.007700,8,62200,673,889,649,59989,30328,31872
207,2008,Jefferson,38497,2771,271,849,719.2,718.6,7,118046,0.008200,5.9,118046,6829,5624,2444,103149,60447,57599
208,2008,Lewis,36917,384,35,226,863.4,687.7,2,26176,0.008800,7.6,26176,238,275,159,25504,13073,13103
209,2008,Livingston,41399,1075,72,523,828.1,736.3,4,63154,0.007600,6.3,63154,1930,1640,926,58658,31593,31561
210,2008,Madison,45915,1461,70,575,824.2,745.2,8,69766,0.013900,11.5,69766,1291,995,996,66484,34284,35482
211,2008,Monroe,49042,24904,2917,6316,861.9,712.5,50,732762,0.007900,6.8,732762,105747,44129,23882,559004,355721,377041
212,2008,Montgomery,36326,785,134,601,1235,800.6,6,48679,0.010000,12.3,48679,857,4526,488,42808,23471,25208
213,2008,Nassau,89828,21075,2309,10840,802,621.5,86,1351625,0.007900,6.4,1351625,148191,172707,99541,931186,657518,694107
214,2008,Niagara,39957,7167,763,2231,1040,799.9,24,214464,0.010800,11.2,214464,14643,3921,4614,191286,103842,110622
215,2008,Oneida,39997,6610,672,2443,1055,754.2,21,231590,0.008600,9.1,231590,14345,9472,4270,203503,115725,115865
216,2008,Onondaga,49820,13460,1728,4047,894.1,743.7,44,452633,0.010900,9.7,452633,47524,13977,16649,374483,217994,234639
217,2008,Ontario,47422,1897,108,989,946.6,764.2,7,104475,0.007100,6.7,104475,2513,3214,1382,97366,51330,53145
218,2008,Orange,57269,9184,1039,2492,656.4,737.1,34,379647,0.013600,9,379647,37744,62599,10616,268688,190931,188716
219,2008,Orleans,35832,1107,73,391,928,800.3,4,42135,0.010200,9.5,42135,3001,1863,397,36874,20921,21214
220,2008,Oswego,39284,2593,184,1004,827.1,814.6,12,121395,0.012000,9.9,121395,1304,2029,1316,116746,60081,61314
221,2008,Otsego,40380,1102,86,558,900.6,674.8,9,61962,0.016100,14.5,61962,1450,1404,848,58260,29785,32177
222,2008,Putnam,80167,1052,83,618,622.7,705.9,5,99244,0.008100,5,99244,2739,10535,2265,83705,49934,49310
223,2008,Rensselaer,46032,4770,547,1418,913.3,804.6,10,155261,0.007100,6.4,155261,9431,4548,4213,137069,76643,78618
224,2008,Rockland,73865,5047,542,1948,652.5,621.4,21,298545,0.010800,7,298545,32745,40504,20015,205281,147182,151363
225,2008,Saratoga,58612,3140,161,1559,717.8,679.2,15,217191,0.009600,6.9,217191,4195,4512,4340,204144,107567,109624
226,2008,Schenectady,46705,5643,740,1469,970.1,697.3,7,151427,0.004800,4.6,151427,14087,6904,6815,123621,73530,77897
227,2008,Schoharie,38159,605,22,240,752.1,588.2,3,31910,0.012500,9.4,31910,498,721,299,30392,15849,16061
228,2008,Schuyler,36766,207,15,182,963.6,721.7,5,18888,0.027500,26.5,18888,429,283,156,18020,9464,9424
229,2008,Seneca,37633,665,46,322,944.7,761.1,2,34086,0.006200,5.9,34086,1732,1025,436,30893,17731,16355
230,2008,Steuben,42358,1498,161,984,1019,788,16,96573,0.016300,16.6,96573,1737,1102,1391,92343,47361,49212
231,2008,Suffolk,74279,34015,2613,11208,741.2,688.3,107,1512224,0.009500,7.1,1512224,111990,207326,57568,1135340,746853,765371
232,2008,Sullivan,42221,1806,195,741,972.6,831,12,76189,0.016200,15.8,76189,6888,9075,1450,58776,38620,37569
233,2008,Tioga,42962,580,36,400,797.3,683.1,4,50171,0.010000,8,50171,525,715,540,48391,24805,25366
234,2008,Tompkins,54825,2475,137,600,593.3,668,8,101136,0.013300,7.9,101136,4147,3958,10840,82191,50632,50504
235,2008,Ulster,47936,3670,459,1490,820.2,688.5,19,181670,0.012800,10.5,181670,11451,13733,3765,152721,90633,91037
236,2008,Warren,43009,1614,111,619,938.3,675.9,7,65971,0.011300,10.6,65971,698,1089,744,63440,32243,33728
237,2008,Washington,36739,911,119,561,893.3,715.5,8,62804,0.014300,12.7,62804,2040,1492,432,58840,32358,30446
238,2008,Wayne,40688,2008,185,824,899.9,795.8,11,91564,0.013300,12,91564,3160,2978,865,84561,45240,46324
239,2008,Westchester,125686,16723,2414,6872,720.4,580.3,60,953943,0.008700,6.3,953943,132036,186060,59158,576689,460779,493164
240,2008,Wyoming,39070,547,52,349,837.9,746.5,5,41652,0.014300,12,41652,2371,1334,319,37628,22699,18953
241,2008,Yates,35259,284,15,232,941.1,717.6,1,24652,0.004300,4.1,24652,226,394,130,23902,12023,12629
242,2013,Cayuga,43455,1516,128,700,880.8,631.4,11,79477,0.015700,13.8,79477,3650,2032,847,72948,40626,38851
243,2007,Bronx,31098,36053,11689,9054,659.1,727.2,75,1373659,0.008300,5.5,1373659,437343,702073,54166,180077,643061,730598
244,2007,Kings,43352,59321,17526,16170,639.6,619.7,118,2528050,0.007300,4.7,2528050,862347,493961,240294,931448,1193833,1334217
245,2007,Queens,40485,42630,9846,14388,633.7,558.9,137,2270338,0.009500,6,2270338,436943,600467,513598,719330,1102975,1167363
246,2007,Richmond,57304,6839,1337,3279,680.8,663.4,20,481613,0.006100,4.2,481613,46843,72972,36961,324837,234359,247254
247,2007,Albany,53819,10584,1468,2657,887.7,735.6,32,299307,0.012000,10.7,299307,36314,11509,12835,238649,144099,155208
248,2007,Allegany,35375,710,86,477,961,798.6,7,49637,0.014700,14.1,49637,586,579,710,47762,24937,24700
249,2007,Broome,41723,6023,459,2051,1047,756.5,24,195973,0.011700,12.2,195973,8982,4943,7384,174664,94985,100988
250,2007,Cattaraugus,35842,2114,149,779,972.7,779,12,80087,0.015400,15,80087,1158,915,2864,75150,39345,40742
251,2007,Cayuga,39427,1846,171,678,846.8,655.5,8,80066,0.011800,10,80066,3360,1745,742,74219,40519,39547
252,2007,Chautauqua,36366,3805,341,1394,1041,762.4,12,133945,0.008600,9,133945,3339,6438,1443,122725,65757,68188
253,2007,Chemung,41270,2606,224,944,1073,815.8,13,88015,0.013800,14.8,88015,5784,1857,1290,79084,43689,44326
254,2007,Chenango,35367,970,47,569,1111,859.2,5,51207,0.008800,9.8,51207,607,754,404,49442,25293,25914
255,2007,Clinton,40855,2015,221,675,821,771,5,82215,0.007400,6.1,82215,2887,2177,1080,76071,42014,40201
256,2007,Columbia,55908,1362,149,632,1013,730.3,7,62363,0.011100,11.2,62363,3185,1971,1111,56096,31106,31257
257,2007,Cortland,39517,1285,116,417,862.1,793.3,1,48369,0.002400,2.1,48369,802,792,509,46266,23320,25049
258,2007,Delaware,38194,848,91,567,1225,806.2,6,46286,0.010600,13,46286,795,1295,570,43626,22810,23476
259,2007,Dutchess,63189,6421,895,2132,728.3,683.2,26,292746,0.012200,8.9,292746,29178,25976,10635,226957,146837,145909
260,2007,Erie,46891,33249,4541,9498,1040,789.1,76,913338,0.008000,8.3,913338,123204,34014,24219,731901,439844,473494
261,2007,Essex,43870,540,80,395,1036,745.7,8,38119,0.020300,21,38119,1082,899,423,35715,19805,18314
262,2007,Franklin,35426,997,145,421,834.5,729.3,4,50449,0.009500,7.9,50449,3121,2081,3547,41700,27684,22765
263,2007,Fulton,37869,1615,132,541,981.6,721.6,5,55114,0.009200,9.1,55114,1180,1253,622,52059,27172,27942
264,2007,Genesee,38123,1441,87,597,1027,773.4,2,58122,0.003400,3.4,58122,1559,1195,934,54434,28813,29309
265,2007,Greene,42420,1140,176,541,1099,857.3,7,49246,0.012900,14.2,49246,2970,2469,532,43275,25450,23796
266,2007,Hamilton,36976,54,2,60,1182,682.4,1,5075,0.016700,19.7,5075,36,67,26,4946,2520,2555
267,2007,Herkimer,35368,1191,177,674,1077,774.6,8,62558,0.011900,12.8,62558,611,885,647,60415,30488,32070
268,2007,Jefferson,37520,2535,288,860,733.8,745.4,14,117201,0.016300,11.9,117201,6598,5056,2367,103180,59689,57512
269,2007,Lewis,36620,409,65,225,850,704.2,2,26472,0.008900,7.6,26472,277,247,187,25761,13234,13238
270,2007,Livingston,42229,1561,61,497,786.4,725.9,4,63196,0.008000,6.3,63196,1907,1581,884,58824,31623,31573
271,2007,Madison,44708,1434,74,569,814.8,743.4,8,69829,0.014100,11.5,69829,1189,981,992,66667,34308,35521
272,2007,Monroe,51814,25277,2956,6198,849.4,705.2,65,729681,0.010500,8.9,729681,105607,42181,23912,557981,353911,375770
273,2007,Montgomery,35524,724,118,609,1251,817.3,4,48695,0.006600,8.2,48695,836,4347,511,43001,23453,25242
274,2007,Nassau,101645,20020,2341,10414,797.1,622,68,1306533,0.006500,5.2,1306533,143436,162564,93925,906608,634522,672011
275,2007,Niagara,39835,6955,763,2313,1077,830.7,24,214845,0.010400,11.2,214845,14793,3588,4437,192027,104070,110775
276,2007,Oneida,39756,6915,700,2472,1064,771.6,28,232304,0.011300,12.1,232304,14299,8921,4210,204874,115914,116390
277,2007,Onondaga,50448,13260,1815,3954,870.9,728.3,40,454010,0.010100,8.8,454010,47479,13125,16709,376697,218459,235551
278,2007,Ontario,48994,1814,99,893,859,702.5,9,103956,0.010100,8.7,103956,2525,2965,1325,97141,51046,52910
279,2007,Orange,57546,8781,1042,2498,662.3,743.1,34,377169,0.013600,9,377169,37178,59791,10481,269719,189515,187654
280,2007,Orleans,35256,1091,91,350,826,707.8,5,42371,0.014300,11.8,42371,2951,1847,394,37179,21018,21353
281,2007,Oswego,38704,2641,160,1022,841.5,829.7,19,121454,0.018600,15.6,121454,1106,1948,1297,117103,60136,61318
282,2007,Otsego,40407,1185,100,556,891.1,685,5,62397,0.009000,8,62397,1397,1415,854,58731,29958,32439
283,2007,Putnam,84847,983,71,553,555.8,628.2,6,99489,0.010800,6,99489,2677,10243,2227,84342,50061,49428
284,2007,Rensselaer,45827,4539,495,1410,907.8,802.4,14,155318,0.009900,9,155318,9321,4336,4287,137374,76608,78710
285,2007,Rockland,76306,4477,545,1869,630.4,608.6,9,296483,0.004800,3,296483,33084,39001,19770,204628,145983,150500
286,2007,Saratoga,56926,3033,205,1533,710.2,679.6,15,215852,0.009800,6.9,215852,3873,4366,4209,203404,106809,109043
287,2007,Schenectady,47282,5355,689,1502,995.9,723.4,16,150818,0.010700,10.6,150818,13688,6564,6562,124004,73226,77592
288,2007,Schoharie,38758,567,33,288,898.2,705,4,32063,0.013900,12.5,32063,494,708,294,30567,15916,16147
289,2007,Schuyler,36159,167,19,158,830.4,621.7,4,19027,0.025300,21,19027,378,281,177,18191,9522,9505
290,2007,Seneca,36626,565,46,324,946.6,751.8,3,34228,0.009300,8.8,34228,1663,1008,467,31090,17767,16461
291,2007,Steuben,43262,1551,160,1003,1035,802.5,7,96874,0.007000,7.2,96874,1646,1052,1429,92747,47494,49380
292,2007,Suffolk,75531,31374,2657,10903,750.3,709.5,100,1453229,0.009200,6.9,1453229,107963,193605,55124,1096537,716826,736403
293,2007,Sullivan,42834,2067,268,695,910.8,780.1,14,76303,0.020100,18.3,76303,7008,8837,1466,58992,38691,37612
294,2007,Tioga,41917,533,35,425,842.4,728.9,5,50453,0.011800,9.9,50453,521,691,570,48671,24963,25490
295,2007,Tompkins,54088,2452,116,637,630.3,710,7,101055,0.011000,6.9,101055,4141,3982,10880,82052,50612,50443
296,2007,Ulster,49556,3473,455,1539,846.3,728.5,17,181860,0.011000,9.3,181860,11344,13396,3744,153376,90744,91116
297,2007,Warren,46233,1629,109,651,984.2,736.2,10,66143,0.015400,15.1,66143,691,1069,700,63683,32310,33833
298,2007,Washington,39673,1003,128,535,852.7,700.2,5,62743,0.009300,8,62743,1989,1440,438,58876,32291,30452
299,2007,Wayne,40679,1784,162,780,854.4,760.6,11,91291,0.014100,12,91291,3043,2824,852,84572,45085,46206
300,2007,Westchester,155044,16786,2478,6803,715.1,584.4,50,951325,0.007300,5.3,951325,133277,180819,58354,578875,458983,492342
301,2007,Wyoming,38826,641,54,355,846.6,761.2,8,41932,0.022500,19.1,41932,2371,1353,324,37884,22851,19081
302,2007,Yates,36816,337,13,231,940.7,726.3,2,24557,0.008700,8.1,24557,211,391,132,23823,11972,12585
303,2013,Essex,42106,449,43,402,1037,629,5,38762,0.012400,12.9,38762,1121,1092,425,36124,20103,18659
304,2006,Delaware,36542,805,78,527,1122,732.5,2,46977,0.003800,4.3,46977,821,1302,545,44309,23110,23867
305,2006,Bronx,30779,36655,11922,9421,692,777.3,64,1361473,0.006800,4.7,1361473,433622,693884,53497,180470,637328,724145
306,2006,Kings,41911,61368,17992,16308,650,641.7,99,2508820,0.006100,3.9,2508820,862751,496304,237831,911934,1183484,1325336
307,2006,Queens,39732,44108,10102,14626,648.6,581.9,131,2255175,0.009000,5.8,2255175,441733,597773,500661,715008,1094591,1160584
308,2006,Richmond,56275,7136,1408,3509,735.1,732.5,24,477377,0.006800,5,477377,46240,71154,37032,322951,231871,245506
309,2006,Albany,52910,11935,1545,2644,888.6,729.2,22,297556,0.008300,7.4,297556,35813,10962,13090,237691,142901,154655
310,2006,Allegany,33879,839,119,440,875.3,737.2,6,50267,0.013600,11.9,50267,538,559,718,48452,25251,25016
311,2006,Broome,40630,6625,504,2148,1094,795.8,27,196269,0.012600,13.8,196269,8627,4672,7310,175660,94962,101307
312,2006,Cattaraugus,34700,2239,165,798,978.7,793.3,8,81534,0.010000,9.8,81534,1229,929,2899,76477,40056,41478
313,2006,Cayuga,38360,1960,176,778,957.6,763.9,4,81243,0.005100,4.9,81243,3369,1682,778,75414,41047,40196
314,2006,Chautauqua,35102,3652,330,1406,1039,766.6,10,135357,0.007100,7.4,135357,3401,6303,1460,124193,66446,68911
315,2006,Chemung,41298,2580,193,909,1025,773.7,12,88641,0.013200,13.5,88641,5875,1761,1282,79723,43886,44755
316,2006,Chenango,34637,1108,96,504,973.2,761.3,5,51787,0.009900,9.7,51787,545,761,399,50082,25556,26231
317,2006,Clinton,39212,1805,128,617,750.9,718.1,10,82166,0.016200,12.2,82166,2847,2183,1072,76064,41880,40286
318,2006,Columbia,54254,1323,125,649,1031,756,7,62954,0.010800,11.1,62954,3172,1910,1086,56786,31370,31584
319,2006,Cortland,38137,1169,112,439,905.5,832.5,3,48483,0.006800,6.2,48483,750,751,520,46462,23364,25119
320,2006,Dutchess,60239,5973,854,2236,757.6,725.2,20,295146,0.008900,6.8,295146,28961,24879,10798,230508,147829,147317
321,2006,Erie,45795,32581,5015,9395,1020,776.8,70,921390,0.007500,7.6,921390,124077,33271,24120,739922,443143,478247
322,2006,Essex,40775,552,55,411,1063,784.2,4,38649,0.009700,10.3,38649,1053,922,450,36224,20055,18594
323,2006,Franklin,34587,965,157,424,831.9,753.9,5,50968,0.011800,9.8,50968,3164,2099,3471,42234,27951,23017
324,2006,Fulton,36509,1517,100,554,999.4,742.2,4,55435,0.007200,7.2,55435,1142,1107,614,52572,27350,28085
325,2006,Genesee,37326,1754,106,534,907.7,702,5,58830,0.009400,8.5,58830,1542,1176,949,55163,29114,29716
326,2006,Greene,41382,969,183,510,1024,822.8,7,49822,0.013700,14.1,49822,2848,2462,557,43955,25799,24023
327,2006,Hamilton,36892,74,6,61,1182,734.7,3,5162,0.049200,58.1,5162,39,64,29,5030,2581,2581
328,2006,Herkimer,34274,1348,218,698,1102,797.5,4,63332,0.005700,6.3,63332,598,869,606,61259,30763,32569
329,2006,Jefferson,36157,3093,300,839,734.3,736.1,14,114264,0.016700,12.3,114264,6355,4833,2245,100831,58186,56078
330,2006,Lewis,34307,348,26,232,869.4,732.9,4,26685,0.017200,15,26685,229,218,182,26056,13308,13377
331,2006,Livingston,39889,1963,92,493,768.2,735.1,6,64173,0.012200,9.3,64173,1951,1600,947,59675,32049,32124
332,2006,Madison,43692,1225,66,543,773.5,709.9,12,70197,0.022100,17.1,70197,1151,900,1037,67109,34401,35796
333,2006,Monroe,49728,27682,3273,6140,840.2,709.3,55,730807,0.009000,7.5,730807,105261,41581,24299,559666,354300,376507
334,2006,Montgomery,34707,815,131,607,1236,797,5,49112,0.008200,10.2,49112,779,4203,523,43607,23675,25437
335,2006,Nassau,94738,21231,2578,10397,784.3,624.3,76,1325662,0.007300,5.7,1325662,144699,160017,95395,925551,643316,682346
336,2006,Niagara,39476,7120,900,2285,1057,820.4,19,216130,0.008300,8.8,216130,14809,3371,4409,193541,104518,111612
337,2006,Oneida,38590,6369,664,2429,1038,759,21,233954,0.008600,9,233954,14021,8876,4228,206829,116584,117370
338,2006,Onondaga,48621,14204,1885,3965,868,736,47,456777,0.011900,10.3,456777,47939,12902,16662,379274,219599,237178
339,2006,Ontario,46849,1889,130,903,865.3,721.9,11,104353,0.012200,10.5,104353,2402,2820,1423,97708,51168,53185
340,2006,Orange,56751,8351,971,2374,630.7,718.5,17,376392,0.007200,4.5,376392,36857,57980,10404,271151,189149,187243
341,2006,Orleans,34745,940,89,354,819.2,732.4,7,43213,0.019800,16.2,43213,2971,1683,420,38139,21447,21766
342,2006,Oswego,37695,2736,158,1069,868.6,874.8,12,123077,0.011200,9.7,123077,1068,1869,1372,118768,60862,62215
343,2006,Otsego,39910,1192,146,570,910.8,704.4,8,62583,0.014000,12.8,62583,1338,1357,850,59038,30051,32532
344,2006,Putnam,74788,963,93,585,581.5,662.3,8,100603,0.013700,8,100603,2469,9691,2291,86152,50526,50077
345,2006,Rensselaer,44488,4695,559,1432,922.1,815.2,9,155292,0.006300,5.8,155292,9007,4029,4083,138173,76469,78823
346,2006,Rockland,75042,4746,507,1942,658.4,651.8,16,294965,0.008200,5.4,294965,32860,37424,20177,204504,145036,149929
347,2006,Saratoga,55263,3287,244,1462,678.5,661.9,23,215473,0.015700,10.7,215473,3609,4133,4417,203314,106429,109044
348,2006,Schenectady,46215,6185,799,1472,978.5,703,14,150440,0.009500,9.3,150440,13153,6037,6403,124847,72976,77464
349,2006,Schoharie,38392,479,28,297,922.5,731.7,3,32196,0.010100,9.3,32196,465,626,259,30846,15957,16239
350,2006,Schuyler,35011,213,12,176,906.5,702.2,0,19415,0.000000,0,19415,335,261,166,18653,9718,9697
351,2006,Seneca,36375,590,46,333,959,798,7,34724,0.021000,20.2,34724,1663,987,450,31624,18010,16714
352,2006,Steuben,43615,1770,259,960,977.2,779.1,11,98236,0.011500,11.2,98236,1651,1042,1503,94040,48106,50130
353,2006,Suffolk,72071,32596,3100,11105,755.6,731.9,103,1469715,0.009300,7,1469715,108431,191552,55798,1113934,724458,745257
354,2006,Sullivan,42455,2004,291,710,927,806.7,9,76588,0.012700,11.8,76588,7123,8568,1448,59449,38887,37701
355,2006,Tioga,40627,587,37,426,830.7,744.1,5,51285,0.011700,9.7,51285,448,683,544,49610,25386,25899
356,2006,Tompkins,50529,2720,147,551,548.8,621.1,5,100407,0.009100,5,100407,3997,3869,10842,81699,50120,50287
357,2006,Ulster,48191,3919,512,1457,797.3,695.8,10,182742,0.006900,5.5,182742,11305,12812,3809,154816,90998,91744
358,2006,Warren,44594,1817,112,624,944.2,721.1,7,66087,0.011200,10.6,66087,637,1026,716,63708,32225,33862
359,2006,Washington,36251,1073,96,567,894.8,760.1,8,63368,0.014100,12.6,63368,1941,1522,410,59495,32621,30747
360,2006,Wayne,39716,2267,165,797,858,780.3,8,92889,0.010000,8.6,92889,3228,2785,915,85961,45923,46966
361,2006,Westchester,134797,17678,2768,7054,743,616.8,46,949355,0.006500,4.8,949355,132917,175990,56765,583683,457633,491722
362,2006,Wyoming,37130,753,100,330,774.4,691.4,2,42613,0.006100,4.7,42613,2351,1342,351,38569,23194,19419
363,2006,Yates,35241,373,23,229,925.9,706.7,6,24732,0.026200,24.3,24732,196,336,119,24081,12018,12714
364,2013,Franklin,37419,875,61,374,723.6,623.6,8,51688,0.021400,15.5,51688,3178,1710,4304,42496,28526,23162
365,2013,Chautauqua,37647,3637,274,1308,982.9,677.5,15,133080,0.011500,11.3,133080,3632,9004,1599,118845,65880,67200
366,2005,Bronx,29909,39024,12325,9496,699.5,792,66,1357589,0.007000,4.9,1357589,430510,695902,50788,180389,636132,721457
367,2005,Kings,39091,66239,19369,17116,688.4,672.3,116,2486235,0.006800,4.7,2486235,865291,493725,232039,895180,1170815,1315420
368,2005,Queens,37870,45122,10250,14953,667.1,591.9,122,2241600,0.008200,5.4,2241600,442011,585808,493454,720327,1086840,1154760
369,2005,Richmond,53172,7065,1499,3507,754.9,745.3,32,464573,0.009100,6.9,464573,44318,67622,35013,317620,225598,238975
370,2005,Albany,49298,12119,1615,2839,954.6,794.9,26,297414,0.009200,8.7,297414,35484,10533,12422,238975,143170,154244
371,2005,Allegany,32450,1069,134,481,950.6,811.5,10,50602,0.020800,19.8,50602,559,577,628,48838,25431,25171
372,2005,Broome,38167,6129,409,2007,1019,728.5,22,196947,0.011000,11.2,196947,8257,4648,7292,176750,95396,101551
373,2005,Cattaraugus,33325,2394,200,875,1061,869.4,11,82502,0.012600,13.3,82502,1140,953,2618,77791,40544,41958
374,2005,Cayuga,36197,1848,138,780,957.6,759.6,8,81454,0.010300,9.8,81454,3276,1777,577,75824,41255,40199
375,2005,Chautauqua,33146,4003,390,1433,1051,772.5,11,136409,0.007700,8.1,136409,3184,6256,1256,125713,66949,69460
376,2005,Chemung,38665,2813,211,997,1114,844.8,15,89512,0.015000,16.8,89512,5585,1841,1175,80911,44340,45172
377,2005,Chenango,33572,1103,104,483,933.2,740,6,51755,0.012400,11.6,51755,513,832,297,50113,25495,26260
378,2005,Clinton,38193,2011,173,630,767.9,751,10,82047,0.015900,12.2,82047,2848,2267,919,76013,41815,40232
379,2005,Columbia,50400,1098,89,617,969.8,730.4,3,63622,0.004900,4.7,63622,3035,1961,991,57635,31647,31975
380,2005,Cortland,36147,1396,130,441,907,854.8,4,48622,0.009100,8.2,48622,698,823,394,46707,23376,25246
381,2005,Delaware,34121,747,82,578,1216,809.1,2,47534,0.003500,4.2,47534,822,1270,413,45029,23493,24041
382,2005,Dutchess,57777,6023,826,2212,750.2,719.8,20,294849,0.009000,6.8,294849,28719,23859,10420,231851,147682,147167
383,2005,Erie,43385,34458,5017,9749,1047,802.2,71,930703,0.007300,7.6,930703,125403,33047,23407,748846,447240,483463
384,2005,Essex,37391,549,53,381,985.1,724.3,6,38676,0.015700,15.5,38676,1168,910,363,36235,20096,18580
385,2005,Franklin,32270,867,155,434,850.4,767.4,3,51033,0.006900,5.9,51033,3266,2055,3174,42538,28029,23004
386,2005,Fulton,34831,1607,109,605,1088,803.5,7,55625,0.011600,12.6,55625,1117,1064,525,52919,27390,28235
387,2005,Genesee,35534,1693,96,561,946.7,744.4,6,59257,0.010700,10.1,59257,1544,1151,737,55825,29355,29902
388,2005,Greene,39894,828,133,509,1025,827.8,7,49682,0.013800,14.1,49682,2862,2393,485,43942,25613,24069
389,2005,Hamilton,33997,84,3,70,1339,759.3,0,5228,0.000000,0,5228,57,71,19,5081,2576,2652
390,2005,Herkimer,33991,1468,210,693,1087,776.9,8,63780,0.011500,12.5,63780,582,891,524,61783,30989,32791
391,2005,Jefferson,35863,3061,290,824,708,719.7,10,116384,0.012100,8.6,116384,6593,4885,2100,102806,60115,56269
392,2005,Lewis,33187,366,28,241,907,765,4,26571,0.016600,15.1,26571,242,211,143,25975,13248,13323
393,2005,Livingston,38603,1902,66,512,797.4,779.1,4,64205,0.007800,6.2,64205,1894,1505,815,59991,31959,32246
394,2005,Madison,40942,1298,83,544,773.4,709.7,3,70337,0.005500,4.3,70337,1166,886,899,67386,34627,35710
395,2005,Monroe,47708,27779,2735,6244,851.4,724.3,57,733366,0.009100,7.8,733366,105449,41504,23435,562978,355774,377592
396,2005,Montgomery,33512,875,122,619,1264,808.8,4,48968,0.006500,8.2,48968,704,3963,506,43795,23561,25407
397,2005,Nassau,87455,20760,2565,10526,789.6,627.1,62,1333137,0.005900,4.7,1333137,145842,155582,92245,939468,646121,687016
398,2005,Niagara,37508,7297,970,2219,1023,791.9,11,217008,0.005000,5.1,217008,14500,3131,4092,195285,104932,112076
399,2005,Oneida,37460,6301,514,2413,1031,755.9,22,234105,0.009100,9.4,234105,13881,8519,4041,207664,116918,117187
400,2005,Onondaga,45918,13906,1969,4091,893.1,756.7,47,458053,0.011500,10.3,458053,47080,12376,16180,382417,220293,237760
401,2005,Ontario,46100,1725,110,917,877.8,722.5,11,104461,0.012000,10.5,104461,2261,2516,1230,98454,51187,53274
402,2005,Orange,54203,8169,976,2463,660.5,745.7,22,372893,0.008900,5.9,372893,35368,55726,9559,272240,187741,185152
403,2005,Orleans,33717,745,108,378,871.2,780.4,4,43387,0.010600,9.2,43387,2957,1671,333,38426,21472,21915
404,2005,Oswego,36026,2659,187,1010,818.7,825.1,10,123373,0.009900,8.1,123373,1006,1706,1235,119426,61130,62243
405,2005,Otsego,39385,1196,112,577,919.6,719.5,13,62746,0.022500,20.7,62746,1223,1331,705,59487,30153,32593
406,2005,Putnam,71410,1112,95,604,601,683.9,2,100507,0.003300,2,100507,2252,9262,2137,86856,50421,50086
407,2005,Rensselaer,42589,4421,490,1459,939.8,828.4,9,155251,0.006200,5.8,155251,8515,3954,3802,138980,76740,78511
408,2005,Rockland,69170,4758,541,1914,653.4,665.9,14,292916,0.007300,4.8,292916,33478,35784,19776,203878,143992,148924
409,2005,Saratoga,53810,2870,269,1625,756.3,725.3,21,214859,0.012900,9.8,214859,3442,3914,3965,203538,106107,108752
410,2005,Schenectady,43739,5764,708,1503,1008,737.3,9,149078,0.006000,6,149078,12722,5817,5599,124940,72130,76948
411,2005,Schoharie,36793,498,33,289,895.4,713.2,3,32277,0.010400,9.3,32277,440,655,261,30921,16018,16259
412,2005,Schuyler,32974,341,30,181,935.8,754.7,2,19342,0.011000,10.3,19342,325,264,153,18600,9690,9652
413,2005,Seneca,34235,587,37,337,966.9,789.2,4,34855,0.011900,11.5,34855,1627,982,382,31864,18117,16738
414,2005,Steuben,39598,2153,202,970,983.5,779.5,9,98632,0.009300,9.1,98632,1543,1041,1349,94699,48329,50303
415,2005,Suffolk,66673,32092,3109,11353,769.7,750.2,106,1474927,0.009300,7.2,1474927,108669,186335,53661,1126262,727495,747432
416,2005,Sullivan,43126,2221,260,668,872.8,752.8,6,76539,0.009000,7.8,76539,6792,8404,1260,60083,38876,37663
417,2005,Tioga,38671,513,29,455,883.9,773.8,4,51475,0.008800,7.8,51475,437,682,480,49876,25517,25958
418,2005,Tompkins,48057,2812,147,618,617.9,692.4,5,100018,0.008100,5,100018,3836,3534,10324,82324,49867,50151
419,2005,Ulster,45122,4062,558,1522,833.1,733.2,8,182693,0.005300,4.4,182693,10819,12564,3424,155886,91067,91626
420,2005,Warren,44279,1566,89,630,961.1,747.8,7,65548,0.011100,10.7,65548,522,991,583,63452,31951,33597
421,2005,Washington,35167,909,97,612,971.1,843.4,5,63024,0.008200,7.9,63024,1944,1558,339,59183,32528,30496
422,2005,Wayne,38600,2218,171,741,791.6,724.8,11,93609,0.014800,11.8,93609,3112,2767,826,86904,46184,47425
423,2005,Westchester,123586,17345,2648,7080,752.5,622.6,55,940807,0.007800,5.8,940807,132502,169687,54952,583666,452636,488171
424,2005,Wyoming,35416,704,83,379,887.7,807.2,5,42693,0.013200,11.7,42693,2305,1323,293,38772,23252,19441
425,2005,Yates,33402,302,19,250,1010,805,1,24756,0.004000,4,24756,169,303,79,24205,12062,12694
426,2013,Chemung,44150,2201,151,828,935.5,672.2,9,88506,0.010900,10.2,88506,6504,2502,1516,77984,44088,44418
427,2004,Bronx,29402,40939,12797,9598,702.9,808.7,61,1365536,0.006400,4.5,1365536,433194,696411,51099,184832,639736,725800
428,2004,Kings,37156,67962,19735,17314,699.5,697.7,115,2475290,0.006600,4.6,2475290,867617,493608,227452,886613,1164943,1310347
429,2004,Queens,36718,48142,10323,14945,668,605.9,128,2237216,0.008600,5.7,2237216,444373,579775,485873,727195,1082538,1154678
430,2004,Richmond,51549,7102,1419,3520,759.7,766.2,21,463314,0.006000,4.5,463314,44526,65634,33489,319665,224993,238321
431,2004,Albany,48813,12710,1431,2800,938.2,780.1,18,298432,0.006400,6,298432,35579,10223,11688,240942,143349,155083
432,2004,Allegany,31829,943,97,454,897.7,781.3,4,50575,0.008800,7.9,50575,493,554,593,48935,25352,25223
433,2004,Broome,36907,5909,328,2072,1048,760.6,19,197696,0.009200,9.6,197696,7984,4419,6887,178406,95579,102117
434,2004,Cattaraugus,32517,2481,211,906,1089,899.5,10,83179,0.011000,12,83179,1162,948,2580,78489,40866,42313
435,2004,Cayuga,35484,1770,131,700,854.5,689.2,4,81916,0.005700,4.9,81916,3470,1847,612,75987,41517,40399
436,2004,Chautauqua,32099,3804,347,1426,1039,784.4,11,137267,0.007700,8,137267,3137,6343,1298,126489,67182,70085
437,2004,Chemung,37077,3070,253,901,1001,770.6,8,89984,0.008900,8.9,89984,5634,1795,1143,81412,44380,45604
438,2004,Chenango,32992,1096,119,550,1061,845.8,4,51861,0.007300,7.7,51861,501,783,296,50281,25508,26353
439,2004,Clinton,36811,1588,187,625,763.4,773.2,7,81875,0.011200,8.5,81875,2840,2216,949,75870,41810,40065
440,2004,Columbia,46104,1082,74,707,1110,845,4,63668,0.005700,6.3,63668,2993,1900,883,57892,31630,32038
441,2004,Cortland,36116,1374,107,424,865.2,811.6,7,49006,0.016500,14.3,49006,637,683,414,47272,23673,25333
442,2004,Delaware,33338,844,88,526,1111,761.7,11,47328,0.020900,23.2,47328,777,1163,473,44915,23324,24004
443,2004,Dutchess,55211,5310,747,2243,764.5,750.3,16,293395,0.007100,5.5,293395,28240,22681,10226,232248,146723,146672
444,2004,Erie,43302,33304,4715,9661,1032,799,68,936318,0.007000,7.3,936318,125663,32628,22769,755258,449399,486919
445,2004,Essex,36157,470,61,431,1108,835.3,5,38901,0.011600,12.9,38901,1183,924,358,36436,20244,18657
446,2013,Chenango,36678,927,48,535,1081,750.4,6,49503,0.011200,12.1,49503,580,1018,462,47443,24725,24778
447,2004,Franklin,31733,1029,165,438,858.7,789.8,3,51009,0.006800,5.9,51009,3207,2021,3164,42617,27958,23051
448,2004,Fulton,33875,1499,95,562,1013,758.7,3,55463,0.005300,5.4,55463,1148,978,524,52813,27281,28182
449,2004,Genesee,34728,1825,108,539,903,726.9,3,59689,0.005600,5,59689,1533,1092,750,56314,29436,30253
450,2004,Greene,37121,803,140,527,1071,854.2,3,49195,0.005700,6.1,49195,2775,2382,479,43559,25369,23826
451,2004,Hamilton,32266,57,4,61,1167,758.7,1,5227,0.016400,19.1,5227,67,61,23,5076,2566,2661
452,2004,Herkimer,31783,1177,177,718,1124,807.8,11,63858,0.015300,17.2,63858,499,741,525,62093,31062,32796
453,2004,Jefferson,33665,2281,230,928,832.5,832.1,8,111467,0.008600,7.2,111467,5834,4283,1867,99483,57538,53929
454,2004,Lewis,31277,317,26,220,828.2,711.5,5,26564,0.022700,18.8,26564,159,205,138,26062,13187,13377
455,2004,Livingston,37681,1725,86,468,722,724.1,8,64819,0.017100,12.3,64819,1886,1566,858,60509,32421,32398
456,2004,Madison,39654,1404,71,607,862.1,802.2,6,70407,0.009900,8.5,70407,1104,813,894,67596,34559,35848
457,2004,Monroe,45868,30947,2332,6250,850.1,734.3,50,735177,0.008000,6.8,735177,105650,41353,23203,564971,355705,379472
458,2004,Montgomery,32763,726,56,629,1276,832,0,49283,0.000000,0,49283,703,3900,518,44162,23730,25553
459,2004,Nassau,80469,22317,2501,10745,802.1,651.6,56,1339641,0.005200,4.2,1339641,145800,152084,88324,953433,648727,690914
460,2004,Niagara,36320,7860,895,2305,1057,841.4,11,218060,0.004800,5,218060,14440,3205,3971,196444,105291,112769
461,2004,Oneida,35441,6398,546,2487,1058,792.1,19,234962,0.007600,8.1,234962,13974,8448,4041,208499,117061,117901
462,2004,Onondaga,44672,14241,1674,3961,861.5,742,31,459805,0.007800,6.7,459805,46992,12375,15934,384504,220721,239084
463,2004,Ontario,43873,1806,88,957,924.6,791.1,4,103504,0.004200,3.9,103504,2250,2443,1254,97557,50661,52843
464,2004,Orange,53076,7360,930,2499,674.8,766.6,28,370352,0.011200,7.6,370352,33750,53468,8851,274283,186362,183990
465,2004,Orleans,32972,646,71,363,822.4,755.7,6,44138,0.016500,13.6,44138,3176,1794,376,38792,21938,22200
466,2004,Oswego,35591,2632,136,1041,841,861.3,11,123776,0.010600,8.9,123776,930,1707,1239,119900,61070,62706
467,2004,Otsego,37214,1206,129,592,946.9,765.2,2,62518,0.003400,3.2,62518,1206,1302,630,59380,30089,32429
468,2004,Putnam,68536,1089,77,623,619.5,713.5,8,100570,0.012800,8,100570,2166,8594,1983,87827,50415,50155
469,2004,Rensselaer,41602,4318,488,1466,951.5,864.1,19,154077,0.013000,12.3,154077,8323,3858,3546,138350,75770,78307
470,2004,Rockland,66198,5232,571,1925,655.6,668.8,6,293626,0.003100,2,293626,33794,34679,19717,205436,144415,149211
471,2004,Saratoga,51023,2851,248,1504,707.1,686.8,25,212706,0.016600,11.8,212706,3328,3746,3760,201872,104891,107815
472,2004,Schenectady,43150,5418,613,1547,1045,767.9,23,148042,0.014900,15.5,148042,12075,5502,5092,125373,71659,76383
473,2004,Schoharie,36039,523,45,298,930.9,748.2,4,32012,0.013400,12.5,32012,424,648,247,30693,15905,16107
474,2004,Schuyler,33066,347,12,165,845.9,680.3,2,19505,0.012100,10.3,19505,307,264,146,18788,9806,9699
475,2004,Seneca,33543,586,37,306,872.4,732.5,2,35075,0.006500,5.7,35075,1622,1002,360,32091,18162,16913
476,2004,Steuben,36832,2093,188,1027,1039,832.4,14,98814,0.013600,14.2,98814,1472,965,1338,95039,48434,50380
477,2004,Suffolk,62832,32016,2844,11211,759.8,754.7,79,1475488,0.007000,5.4,1475488,109234,181429,52282,1132543,726087,749401
478,2004,Sullivan,41589,1880,273,714,938.1,810.3,8,76110,0.011200,10.5,76110,6680,8022,1214,60194,38675,37435
479,2004,Tioga,37824,546,29,403,782,703.2,2,51535,0.005000,3.9,51535,407,681,452,49995,25498,26037
480,2004,Tompkins,47989,2263,116,574,573.2,668.4,4,100135,0.007000,4,100135,3865,3284,9674,83312,50003,50132
481,2004,Ulster,43031,3905,467,1530,841.7,741.2,8,181779,0.005200,4.4,181779,10941,12083,3213,155542,90528,91251
482,2004,Warren,41281,1457,98,570,874.9,687.1,3,65147,0.005300,4.6,65147,484,920,618,63125,31660,33487
483,2004,Washington,34845,774,86,575,915.5,790.2,8,62807,0.013900,12.7,62807,1887,1448,378,59094,32345,30462
484,2004,Wayne,38306,2182,197,820,873.6,807.5,5,93861,0.006100,5.3,93861,3111,2648,862,87240,46419,47442
485,2004,Westchester,112543,18622,2601,7198,763.8,646.1,38,942444,0.005300,4,942444,133636,165929,53208,589671,453453,488991
486,2004,Wyoming,34440,681,58,365,849.1,792,4,42986,0.011000,9.3,42986,2357,1317,293,39019,23349,19637
487,2004,Yates,32327,326,30,208,843.2,693.1,1,24669,0.004800,4.1,24669,166,310,92,24101,12037,12632
488,2013,Clinton,41957,1665,111,661,810.1,675,12,81591,0.018200,14.7,81591,3368,2193,1442,74588,41753,39838
489,2003,Bronx,28515,43071,13381,10090,740.2,865.2,78,1363198,0.007700,5.7,1363198,434154,699307,50183,179554,637719,725479
490,2003,Kings,35272,71289,21485,17787,719.4,728.8,114,2472523,0.006400,4.6,2472523,882768,503095,225148,861512,1162696,1309827
491,2003,Queens,35410,50442,11106,15399,691.9,639.6,105,2225486,0.006800,4.7,2225486,450119,583547,481353,710467,1074998,1150488
492,2003,Richmond,50240,6957,1297,3558,773.9,782.3,29,459737,0.008200,6.3,459737,45572,65802,32567,315796,222896,236841
493,2003,Albany,45982,11977,1402,2848,956.2,795.3,19,297845,0.006700,6.4,297845,36205,11171,11952,238517,142992,154853
494,2003,Allegany,30803,846,100,484,957.2,842.7,6,50562,0.012400,11.9,50562,521,592,607,48842,25265,25297
495,2003,Broome,36144,6062,407,2064,1035,764.8,17,199360,0.008200,8.5,199360,8314,4802,7091,179153,96401,102959
496,2003,Cattaraugus,31306,2325,205,838,1005,842.5,7,83354,0.008400,8.4,83354,1101,1104,2623,78526,40898,42456
497,2003,Cayuga,34132,1813,186,778,952,772.1,10,81726,0.012900,12.2,81726,3433,1856,642,75795,41211,40515
498,2003,Chautauqua,31118,3966,347,1478,1074,833.4,9,137645,0.006100,6.5,137645,3281,6848,1398,126118,67185,70460
499,2003,Chemung,34890,2916,277,939,1039,818.1,9,90413,0.009600,10,90413,5992,2008,1188,81225,44635,45778
500,2003,Chenango,31548,1228,112,535,1036,841.9,6,51659,0.011200,11.6,51659,562,883,329,49885,25488,26171
501,2003,Clinton,35633,1599,167,648,796.4,811.6,8,81366,0.012300,9.8,81366,2833,2276,995,75262,41573,39793
502,2003,Columbia,41937,887,64,658,1038,778.6,7,63405,0.010600,11,63405,3107,1999,853,57446,31602,31803
503,2003,Cortland,34229,1366,95,450,924.2,871.2,2,48691,0.004400,4.1,48691,717,739,426,46809,23544,25147
504,2003,Delaware,31407,937,111,531,1124,768.1,5,47226,0.009400,10.6,47226,849,1198,472,44707,23296,23930
505,2003,Dutchess,51396,6225,786,2197,755.3,754.2,12,290885,0.005500,4.1,290885,29081,22880,10336,228588,145334,145551
506,2003,Erie,40070,34622,4843,9987,1061,828,68,941293,0.006800,7.2,941293,129056,35187,23316,753734,451447,489846
507,2003,Essex,33990,568,51,384,984.8,749.6,6,38992,0.015600,15.4,38992,1208,971,323,36490,20240,18752
508,2003,Franklin,30743,1003,193,428,838.3,765,6,51056,0.014000,11.8,51056,3323,2082,3164,42487,27919,23137
509,2003,Fulton,33898,1288,82,577,1045,783.8,4,55206,0.006900,7.2,55206,1200,1067,542,52397,27134,28072
510,2003,Genesee,33682,1778,115,605,1008,827.7,5,60020,0.008300,8.3,60020,1509,1180,835,56496,29466,30554
511,2003,Greene,35432,718,152,557,1140,887,6,48865,0.010800,12.3,48865,2773,2367,485,43240,25171,23694
512,2003,Hamilton,30438,71,3,55,1042,676.6,0,5278,0.000000,0,5278,64,59,15,5140,2613,2665
513,2003,Herkimer,31711,1409,226,765,1201,856.4,11,63704,0.014400,17.3,63704,460,718,507,62019,30940,32764
514,2003,Jefferson,32239,2190,197,851,742.3,774.3,10,114651,0.011800,8.7,114651,10835,8359,1961,93496,59567,55084
515,2003,Lewis,29968,344,47,233,874.8,768.3,3,26636,0.012900,11.3,26636,260,275,137,25964,13218,13418
516,2003,Livingston,36086,1773,95,511,790.3,810,5,64658,0.009800,7.7,64658,1931,1692,835,60200,32349,32309
517,2003,Madison,37442,1266,82,585,833.5,778.7,9,70182,0.015400,12.8,70182,1045,970,872,67295,34428,35754
518,2003,Monroe,44039,31688,2623,6390,867.3,757.6,47,736738,0.007400,6.4,736738,108376,44580,23872,559910,355813,380925
519,2003,Montgomery,31535,694,46,669,1355,863.2,1,49371,0.001500,2,49371,750,4370,442,43809,23720,25651
520,2003,Nassau,73912,22943,2598,11036,823.9,676.1,70,1339463,0.006300,5.2,1339463,149569,156110,85181,948603,647084,692379
521,2003,Niagara,35271,7613,879,2347,1076,860.2,17,218150,0.007200,7.8,218150,15121,3715,3975,195339,105498,112652
522,2003,Oneida,34118,6394,700,2521,1076,798.2,22,234373,0.008700,9.4,234373,14248,8994,4165,206966,116695,117678
523,2003,Onondaga,42643,16123,1762,4019,872.7,765.7,30,460517,0.007500,6.5,460517,48482,13793,16261,381981,220806,239711
524,2003,Ontario,41830,2103,118,879,858,739.1,12,102445,0.013700,11.7,102445,2375,2861,1186,96023,50123,52322
525,2003,Orange,49536,7902,932,2505,689.8,775.5,14,363153,0.005600,3.9,363153,33835,52504,8710,268104,182195,180958
526,2003,Orleans,31653,498,70,377,864.1,796.9,3,43629,0.008000,6.9,43629,3005,1713,379,38532,21655,21974
527,2003,Oswego,34394,2538,142,1068,864.8,897.9,10,123495,0.009400,8.1,123495,866,1984,1158,119487,61027,62468
528,2003,Otsego,34499,1178,133,629,1011,803.4,9,62196,0.014300,14.5,62196,1171,1358,636,59031,30021,32175
529,2003,Putnam,64244,1188,79,592,594.7,697.3,6,99550,0.010100,6,99550,1980,8462,1790,87318,49838,49712
530,2003,Rensselaer,39344,4636,528,1378,894.8,809.2,13,154007,0.009400,8.4,154007,8645,4141,3785,137436,75754,78253
531,2003,Rockland,62531,4946,554,2123,724.6,740.3,9,292989,0.004200,3.1,292989,35002,35233,20109,202645,143653,149336
532,2003,Saratoga,50106,2629,197,1435,683.9,684.6,20,209818,0.013900,9.5,209818,3745,4514,3763,197796,103526,106292
533,2003,Schenectady,41238,4788,554,1590,1080,787.1,16,147289,0.010100,10.9,147289,11722,5880,4719,124968,71022,76267
534,2003,Schoharie,33526,648,40,284,896.3,714.9,1,31685,0.003500,3.2,31685,437,698,236,30314,15768,15917
535,2003,Schuyler,31046,322,21,210,1079,872.1,1,19455,0.004800,5.1,19455,298,281,143,18733,9743,9712
536,2003,Seneca,31940,606,44,338,960.7,816.4,1,35183,0.003000,2.8,35183,1684,1134,329,32036,18269,16914
537,2003,Steuben,34403,1516,126,994,1004,818.6,10,99012,0.010100,10.1,99012,1758,1213,1548,94493,48488,50524
538,2003,Suffolk,58940,35391,2975,11503,783.6,787.5,75,1468037,0.006500,5.1,1468037,111519,183182,51367,1121969,720846,747191
539,2003,Sullivan,36717,2106,294,688,918,802.9,4,74948,0.005800,5.3,74948,6676,7853,1254,59165,38008,36940
540,2003,Tioga,36192,600,32,439,848.4,777.4,5,51746,0.011400,9.7,51746,387,723,502,50134,25608,26138
541,2003,Tompkins,44168,2294,128,578,570,679.7,10,101411,0.017300,9.9,101411,4190,3679,9832,83710,50420,50991
542,2003,Ulster,40029,4026,582,1515,836.5,750.8,9,181111,0.005900,5,181111,11001,12619,3257,154234,90016,91095
543,2003,Warren,39732,1600,135,623,962.7,760,4,64715,0.006400,6.2,64715,526,971,561,62657,31445,33270
544,2003,Washington,32414,1016,185,638,1031,908.3,11,61872,0.017200,17.8,61872,1845,1432,336,58259,31844,30028
545,2003,Wayne,37089,2255,145,840,896.2,845.5,7,93728,0.008300,7.5,93728,3228,2807,872,86821,46204,47524
546,2003,Westchester,97893,19498,2616,7268,772.9,660.2,38,940302,0.005200,4,940302,137000,168054,53357,581891,451967,488335
547,2003,Wyoming,33178,1006,80,371,864.2,805.6,6,42932,0.016200,14,42932,2289,1279,300,39064,23207,19725
548,2003,Yates,30413,360,30,245,991.1,801.6,2,24720,0.008200,8.1,24720,180,321,92,24127,12032,12688
549,2013,Columbia,53247,1126,76,654,1051,673.8,9,62243,0.013800,14.5,62243,3268,2602,1365,55008,31226,31017
550,2013,Cortland,40894,1064,51,429,875.9,739.5,4,48976,0.009300,8.2,48976,1026,1243,682,46025,23962,25014
551,2013,Delaware,37684,805,56,534,1143,728.6,9,46722,0.016900,19.3,46722,962,1619,551,43590,23502,23220
552,2013,Dutchess,62000,5109,583,2336,786.8,635.4,40,296916,0.017100,13.5,296916,30671,33464,12452,220329,147612,149304
553,2013,Erie,50179,29296,4089,9626,1046,761.4,86,919866,0.008900,9.3,919866,125225,45356,34007,715278,444886,474980
554,2012,Cayuga,42576,1808,141,779,979.2,707.8,7,79552,0.009000,8.8,79552,3530,1986,836,73200,40633,38919
555,2012,Schenectady,48607,5591,691,1504,969.5,715.8,18,155124,0.012000,11.6,155124,16421,9473,7820,121410,75189,79935
556,2012,Fulton,37795,1559,52,644,1173,814.5,6,54925,0.009300,10.9,54925,1197,1399,501,51828,27180,27745
557,2012,Orange,58250,9499,1077,2470,659.5,658.4,26,374512,0.010500,6.9,374512,37672,70282,11250,255308,187419,187093
558,2012,Orleans,36816,920,61,425,992.2,794.8,6,42836,0.014100,14,42836,2881,1867,505,37583,21278,21558
559,2012,Oneida,41390,6389,595,2509,1074,736.6,29,233556,0.011600,12.4,233556,14924,11473,8240,198919,116276,117280
560,2012,Washington,38805,969,77,612,972.4,747.7,9,62934,0.014700,14.3,62934,1948,1489,469,59028,32546,30388
561,2012,Kings,45687,60690,18673,15279,595.5,597,122,2565635,0.008000,4.8,2565635,826936,507552,300300,930847,1214885,1350750
562,2012,Rensselaer,47360,4647,447,1503,940.3,772.3,21,159835,0.014000,13.1,159835,10971,6627,4404,137833,78959,80876
563,2012,Broome,43668,6897,604,2050,1035,715.3,22,198060,0.010700,11.1,198060,10435,7058,7976,172591,97061,100999
564,2012,Seneca,40482,853,59,343,971.5,729.4,5,35305,0.014600,14.2,35305,1766,1077,428,32034,18457,16848
565,2012,Chautauqua,37080,3847,308,1394,1044,728.8,20,133539,0.014300,15,133539,3514,8667,1565,119793,66079,67460
566,2012,Tompkins,55390,2746,116,683,666,666.7,9,102554,0.013200,8.8,102554,4666,4676,10460,82752,50627,51927
567,2012,Warren,46239,1430,125,648,988.7,677.7,12,65538,0.018500,18.3,65538,869,1277,718,62674,32049,33489
568,2012,Tioga,44303,667,35,461,913.3,696.9,7,50478,0.015200,13.9,50478,523,748,545,48662,25038,25440
569,2012,Ulster,49482,3943,279,1514,832.8,620.9,19,181791,0.012500,10.5,181791,11629,16857,4090,149215,90399,91392
570,2012,Saratoga,61330,3241,153,1661,747.8,621.4,34,222133,0.020500,15.3,222133,4050,5996,5478,206609,109378,112755
571,2012,Ontario,53528,2175,150,1027,946.4,697.2,11,108519,0.010700,10.1,108519,2684,4156,1703,99976,53136,55383
572,2012,Chenango,36268,1023,58,551,1103,767.8,6,49933,0.010900,12,49933,512,997,443,47981,24879,25054
573,2012,Niagara,42919,6954,819,2265,1053,759.8,36,215124,0.015900,16.7,215124,15783,5042,4955,189344,104566,110558
574,2012,Greene,45619,721,88,461,947.1,669.8,3,48673,0.006500,6.2,48673,2915,2484,659,42615,25412,23261
575,2012,Allegany,38145,856,65,473,978.1,768.8,6,48357,0.012700,12.4,48357,705,712,649,46291,24415,23942
576,2012,Livingston,43829,1195,54,528,814.7,666.6,8,64810,0.015200,12.3,64810,1801,1968,1092,59949,32528,32282
577,2012,Cattaraugus,37313,2080,150,777,977.9,751.5,11,79458,0.014200,13.8,79458,1423,1519,3184,73332,39285,40173
578,2012,Clinton,41780,1685,90,721,883,766.5,16,81654,0.022200,19.6,81654,3347,2101,1373,74833,41915,39739
579,2012,Essex,40776,517,43,453,1163,746.2,10,38961,0.022100,25.7,38961,1064,1013,447,36437,20206,18755
580,2012,Otsego,41494,983,78,603,977.2,692.2,6,61709,0.010000,9.7,61709,1274,2020,971,57444,29929,31780
581,2012,Onondaga,52655,13645,1752,4132,885.1,691,55,466852,0.013300,11.8,466852,53646,20138,20027,373041,225354,241498
582,2012,Dutchess,62554,5900,678,2327,782.7,649.8,15,297322,0.006400,5,297322,30111,32629,12253,222329,147955,149367
583,2012,Cortland,40702,1105,64,464,937.9,802.7,6,49474,0.012900,12.1,49474,1029,1217,676,46552,24169,25305
584,2012,Richmond,56784,7146,1664,3354,712.5,635.9,33,470728,0.009800,7,470728,46817,83181,38348,302382,227763,242965
585,2012,Schoharie,38561,494,19,243,757,577.8,5,32099,0.020600,15.6,32099,467,944,327,30361,16006,16093
586,2012,Lewis,38177,420,19,233,855.9,669.7,6,27224,0.025800,22,27224,273,396,154,26401,13773,13451
587,2012,Putnam,91134,875,41,677,679.7,621.2,12,99607,0.017700,12,99607,2484,12115,2376,82632,49555,50052
588,2012,Schuyler,40058,185,21,189,1021,720.4,0,18514,0.000000,0,18514,254,307,132,17821,9277,9237
589,2012,Chemung,44439,2434,222,947,1065,784.4,5,88911,0.005300,5.6,88911,6456,2491,1508,78456,44265,44646
590,2012,Hamilton,34774,81,1,57,1193,673.5,3,4778,0.052600,62.8,4778,56,55,39,4628,2406,2372
591,2012,Delaware,36329,763,63,556,1176,758.3,11,47276,0.019800,23.3,47276,906,1566,548,44256,23686,23590
592,2012,Jefferson,41045,2917,213,826,686.8,706.3,25,120262,0.030300,20.8,120262,7441,8049,2953,101819,62228,58034
593,2012,Oswego,40712,3328,206,1057,868.5,773.8,20,121700,0.018900,16.4,121700,1256,2687,1472,116285,60740,60960
594,2012,Steuben,43122,1837,156,957,966.1,705.2,13,99063,0.013600,13.1,99063,1833,1470,1690,94070,49122,49941
595,2012,Albany,56959,9972,1012,2714,888.5,696.2,32,305455,0.011800,10.5,305455,39420,16290,17313,232432,147620,157835
596,2012,Genesee,40942,1453,92,602,1004,728.6,8,59977,0.013300,13.3,59977,1909,1678,1184,55206,29808,30169
597,2012,Erie,50420,31468,4227,9315,1014,743.9,81,919086,0.008700,8.8,919086,124906,44253,32879,717048,444184,474902
598,2012,Wyoming,40436,552,51,373,890.4,764.3,7,41892,0.018800,16.7,41892,2424,1246,316,37906,22869,19023
599,2012,Suffolk,74303,28871,2127,11527,768.8,643.8,149,1499273,0.012900,9.9,1499273,111185,259534,60991,1067563,738012,761261
600,2012,Nassau,94591,19575,2458,10967,812.8,581.5,89,1349233,0.008100,6.6,1349233,153091,207002,117273,871867,653809,695424
601,2012,Westchester,139961,15040,2448,6861,713.4,534.4,76,961670,0.011100,7.9,961670,134743,219719,59934,547274,463701,497969
602,2012,Franklin,36688,1042,57,439,847.6,750.6,7,51795,0.015900,13.5,51795,3135,1665,4249,42746,28522,23273
603,2012,Wayne,42261,1845,132,824,886.4,725,12,92962,0.014600,12.9,92962,3177,3614,968,85203,46117,46845
604,2012,Montgomery,36366,1186,58,603,1207,801.2,6,49941,0.010000,12,49941,1013,6002,523,42403,24486,25455
605,2012,Columbia,53609,1425,100,636,1018,669.8,6,62499,0.009400,9.6,62499,3157,2565,1356,55421,31361,31138
606,2012,Herkimer,38947,1308,124,665,1031,685.4,4,64508,0.006000,6.2,64508,849,1152,517,61990,31661,32847
607,2012,Bronx,30989,35962,12801,8900,631.9,680.4,77,1408473,0.008700,5.5,1408473,430773,764608,59095,153997,663210,745263
608,2012,Queens,41215,40199,10753,13935,613.1,544,147,2272771,0.010500,6.5,2272771,423580,634077,583759,631355,1102593,1170178
609,2012,Rockland,71303,4325,501,2101,661.2,565.3,23,317757,0.010900,7.2,317757,37468,51899,21959,206431,155849,161908
610,2012,Monroe,52128,25410,2672,6406,856.6,668.6,67,747813,0.010500,9,747813,113537,57150,28808,548318,361171,386642
611,2012,Sullivan,42514,1931,181,755,983.2,804.7,13,76793,0.017200,16.9,76793,6870,10886,1536,57501,39375,37418
612,2012,Yates,36517,428,20,279,1101,803.8,3,25344,0.010800,11.8,25344,315,488,157,24384,12325,13019
613,2012,Madison,46169,1336,59,630,870.4,722.7,10,72382,0.015900,13.8,72382,1420,1380,1197,68385,35458,36924
614,2013,Bronx,30536,36280,13020,9078,639.9,681.5,79,1418733,0.008700,5.6,1418733,431383,774779,60226,152345,669055,749678
615,2013,Kings,47168,59056,18258,15570,600.7,593.4,123,2592149,0.007900,4.7,2592149,825601,507881,312147,946520,1229189,1362960
616,2013,Queens,41792,39913,10740,13876,604.3,530.9,141,2296175,0.010200,6.1,2296175,426963,642259,599464,627489,1115121,1181054
617,2013,Richmond,56881,7234,1658,3533,747.5,658,29,472621,0.008200,6.1,472621,47500,84441,38891,301789,228861,243760
618,2013,Albany,55772,9453,1002,2620,853.6,668.6,33,306945,0.012600,10.8,306945,39957,16982,18155,231851,148277,158668
619,2013,Allegany,38567,796,54,461,958.2,722.2,10,48109,0.021700,20.8,48109,709,744,628,46028,24278,23831
620,2013,Fulton,38325,1527,62,589,1079,764.9,6,54586,0.010200,11,54586,1185,1468,539,51394,27014,27572
621,2013,Genesee,41516,1467,109,612,1029,721.2,4,59454,0.006500,6.7,59454,1952,1737,1170,54595,29532,29922
622,2013,Greene,45387,718,58,478,986.5,687.1,7,48455,0.014600,14.4,48455,2987,2525,628,42315,25290,23165
623,2013,Hamilton,34150,62,4,67,1404,741.8,0,4773,0.000000,0,4773,60,59,37,4617,2400,2373
624,2013,Herkimer,39452,1190,126,666,1038,698.8,9,64181,0.013500,14,64181,939,1275,508,61459,31557,32624
625,2013,Jefferson,39865,2402,140,872,729.7,743.4,14,119504,0.016100,11.7,119504,7720,8385,3127,100272,62349,57155
626,2013,Lewis,38157,332,24,227,836.1,637.4,4,27149,0.017600,14.7,27149,307,429,179,26234,13732,13417
627,2013,Livingston,43334,1088,56,541,836.1,668.8,11,64705,0.020300,17,64705,1813,2087,1175,59630,32487,32218
628,2013,Madison,48006,1156,55,577,797.2,652.3,10,72382,0.017300,13.8,72382,1477,1422,1199,68284,35572,36810
629,2013,Monroe,52053,23076,2686,6265,835.8,651.3,61,749606,0.009700,8.1,749606,114079,59251,29411,546865,362173,387433
630,2013,Montgomery,39566,1126,48,592,1186,808.4,10,49897,0.016900,20,49897,1130,6176,529,42062,24504,25393
631,2013,Nassau,93494,18684,2111,10586,782.9,554.1,100,1352146,0.009400,7.4,1352146,155178,212005,121565,863398,655582,696564
632,2013,Niagara,42287,6654,798,2401,1121,799.5,33,214249,0.013700,15.4,214249,15996,5380,4931,187942,104345,109904
633,2013,Oneida,41601,5988,537,2440,1045,715.3,34,233585,0.013900,14.6,233585,15410,12020,8732,197423,116499,117086
634,2013,Onondaga,51815,13987,1491,4065,867.9,672.8,56,468387,0.013800,12,468387,54427,20956,20588,372416,226145,242242
635,2013,Ontario,53444,2094,122,1005,921.1,654.9,14,109103,0.013900,12.8,109103,2839,4481,1761,100022,53422,55681
636,2013,Orange,59279,8593,868,2557,680.8,670.3,28,375592,0.011000,7.5,375592,38453,71941,11455,253743,187963,187629
637,2013,Orleans,37379,747,59,440,1042,809.7,2,42235,0.004500,4.7,42235,2748,1886,500,37101,20886,21349
638,2013,Oswego,40640,2676,157,1073,885.6,787.5,17,121165,0.015800,14,121165,1383,2761,1469,115552,60511,60654
639,2013,Otsego,42392,835,65,579,938.7,661.3,9,61683,0.015500,14.6,61683,1358,2121,1040,57164,29968,31715
640,2013,Putnam,76788,772,49,666,668.4,587.7,15,99645,0.022500,15.1,99645,2657,12548,2521,81919,49643,50002
641,2013,Rensselaer,48188,4137,471,1441,901.1,739.9,10,159918,0.006900,6.3,159918,11316,6895,4326,137381,79091,80827
642,2013,Rockland,71667,3805,395,2004,624.5,521.9,18,320903,0.009000,5.6,320903,37810,54004,22075,207014,157472,163431
643,2013,Saratoga,62571,3115,173,1707,762.5,622.4,32,223865,0.018700,14.3,223865,4204,6340,5969,207352,110489,113376
644,2013,Schenectady,49269,5379,676,1555,1001,737.4,16,155333,0.010300,10.3,155333,16916,9981,8071,120365,75542,79791
645,2013,Schoharie,40258,536,27,292,917,662.8,4,31844,0.013700,12.6,31844,498,955,322,30069,15814,16030
646,2013,Schuyler,40281,165,14,176,953.4,692.4,3,18460,0.017000,16.3,18460,283,328,134,17715,9306,9154
647,2013,Seneca,39762,794,62,314,886.8,650.1,4,35409,0.012700,11.3,35409,1875,1140,444,31950,18516,16893
648,2013,Steuben,43752,1533,123,924,936.6,687.8,7,98650,0.007600,7.1,98650,1916,1497,1758,93479,48946,49704
649,2013,Suffolk,72061,26373,1930,11546,769.9,629.6,141,1499738,0.012200,9.4,1499738,112051,265513,62351,1059823,738426,761312
650,2013,Sullivan,44822,1718,172,696,907.8,739.2,12,76665,0.017200,15.7,76665,6887,11050,1593,57135,39332,37333
651,2013,Tioga,43951,650,27,349,694.6,514.9,3,50243,0.008600,6,50243,557,809,537,48340,24907,25336
652,2013,Tompkins,55509,2902,109,665,641.8,641.2,19,103617,0.028600,18.3,103617,4813,4768,10786,83250,51089,52528
653,2013,Ulster,49269,3580,294,1661,917.7,669.7,17,180998,0.010200,9.4,180998,11795,17115,4317,147771,89887,91111
654,2013,Warren,46172,1292,53,669,1024,664.7,7,65337,0.010500,10.7,65337,939,1388,755,62255,31945,33392
655,2013,Washington,39196,882,71,562,890.7,637.8,9,63093,0.016000,14.3,63093,2035,1523,508,59027,32586,30507
656,2013,Wayne,42651,1842,153,819,885.7,711.2,11,92473,0.013400,11.9,92473,3193,3651,989,84640,45879,46594
657,2013,Westchester,133746,14129,2191,7015,724.1,534.3,65,968802,0.009300,6.7,968802,135977,225423,61536,545866,467867,500935
658,2013,Wyoming,41143,510,41,366,881.3,756.5,8,41531,0.021900,19.3,41531,2441,1280,322,37488,22629,18902
659,2013,Yates,37282,413,14,246,977.9,690.5,0,25156,0.000000,0,25156,319,508,174,24155,12251,12905
